MutationType	LUAD-US_SP50263	LUAD-US_SP50317	LUAD-US_SP50321	LUAD-US_SP50406	LUAD-US_SP50412	LUAD-US_SP50485	LUAD-US_SP50518	LUAD-US_SP50592	LUAD-US_SP50611	LUAD-US_SP50713	LUAD-US_SP50827	LUAD-US_SP51037	LUAD-US_SP51446	LUAD-US_SP51824	LUAD-US_SP52232	LUAD-US_SP52284	LUAD-US_SP52607	LUAD-US_SP52667	LUAD-US_SP52779	LUAD-US_SP53073	LUAD-US_SP53387	LUAD-US_SP53548	LUAD-US_SP53618	LUAD-US_SP53810	LUAD-US_SP54113	LUAD-US_SP54363	LUAD-US_SP54745	LUAD-US_SP55004	LUAD-US_SP55142	LUAD-US_SP55235	LUAD-US_SP55309	LUAD-US_SP55387	LUAD-US_SP55509	LUAD-US_SP55711	LUAD-US_SP56079	LUAD-US_SP56168	LUAD-US_SP56303
0:homdel:0-100kb	0	0	0	0	0	0	0	0	0	0	0	0	0	0	0	9	0	0	0	1	0	0	3	5	3	0	0	0	5	4	1	0	1	0	3	4	0
0:homdel:100kb-1Mb	0	2	1	0	0	0	0	0	1	0	1	0	0	0	0	7	0	0	0	0	0	0	2	3	1	0	2	0	0	0	1	0	0	0	2	3	0
0:homdel:>1Mb	0	0	0	0	0	0	0	0	0	0	1	1	0	0	0	0	2	0	0	0	0	0	0	2	0	0	0	0	0	1	1	0	0	0	0	2	0
1:LOH:0-100kb	5	15	3	0	0	4	0	1	2	4	19	4	68	6	1	16	0	1	3	9	3	8	4	26	22	3	1	0	56	0	15	0	1	3	5	7	2
1:LOH:100kb-1Mb	5	23	6	0	1	2	0	0	0	1	8	0	64	4	1	36	0	3	4	1	0	3	1	41	16	2	0	0	15	0	7	5	2	2	3	5	0
1:LOH:1Mb-10Mb	0	14	26	1	1	3	0	1	1	14	26	6	19	4	3	24	1	6	2	4	2	6	8	23	33	2	0	2	17	0	7	0	0	0	8	17	2
1:LOH:10Mb-40Mb	2	4	20	0	0	3	0	0	3	2	18	2	5	0	0	4	0	1	1	7	1	1	2	15	15	1	0	2	14	0	4	1	0	1	2	3	0
1:LOH:>40Mb	0	0	7	2	0	2	0	0	0	3	5	6	3	0	0	0	2	1	1	0	0	0	0	2	2	3	0	3	0	0	0	0	0	0	1	0	0
2:LOH:0-100kb	16	20	1	0	1	0	7	7	4	0	1	0	0	9	3	3	2	9	0	19	4	6	16	20	1	8	10	0	30	1	2	22	6	17	9	14	0
2:LOH:100kb-1Mb	10	12	3	0	0	1	5	6	2	0	0	2	1	12	3	5	0	6	0	10	5	9	7	11	1	21	9	0	20	1	0	9	5	18	4	9	0
2:LOH:1Mb-10Mb	31	33	2	0	1	1	3	12	2	0	5	3	0	27	11	28	1	23	0	35	14	5	11	20	4	16	14	1	66	0	1	1	15	28	11	23	7
2:LOH:10Mb-40Mb	8	22	1	0	2	1	0	8	0	0	4	5	0	14	4	14	5	17	0	43	14	1	12	13	2	20	12	1	20	0	1	0	9	10	11	13	2
2:LOH:>40Mb	3	2	0	0	2	0	0	1	4	0	1	2	0	6	4	0	0	2	0	7	3	1	5	1	2	4	3	0	1	0	0	0	4	2	3	4	0
3-4:LOH:0-100kb	7	20	0	0	0	0	26	22	1	0	0	0	3	2	4	1	2	1	0	3	0	0	10	8	1	3	0	0	28	5	0	0	7	2	4	7	24
3-4:LOH:100kb-1Mb	2	15	1	0	0	0	18	7	4	0	1	0	1	1	1	2	0	7	0	3	0	0	5	3	1	5	0	0	8	5	0	0	6	0	0	4	21
3-4:LOH:1Mb-10Mb	28	28	1	0	0	0	30	19	9	0	0	0	1	2	8	2	0	3	0	4	2	0	9	6	0	11	1	0	25	4	0	0	6	0	6	8	29
3-4:LOH:10Mb-40Mb	9	2	0	0	0	0	12	13	6	0	0	0	0	1	4	2	0	0	0	2	0	0	1	4	0	6	0	0	2	3	1	0	5	0	8	1	11
3-4:LOH:>40Mb	6	1	0	0	0	0	5	4	2	0	0	0	0	0	1	0	0	0	0	1	0	0	0	0	0	5	0	0	0	0	0	0	2	2	1	0	6
5-8:LOH:0-100kb	4	13	0	0	0	0	10	6	4	0	0	0	0	0	0	0	0	0	0	0	0	0	5	0	0	0	0	0	6	17	0	0	1	0	0	3	9
5-8:LOH:100kb-1Mb	8	13	0	0	0	0	1	7	3	0	0	0	0	0	0	0	0	0	0	0	0	0	2	0	0	0	0	0	5	4	0	0	0	0	1	5	9
5-8:LOH:1Mb-10Mb	5	5	0	0	0	0	4	7	3	0	0	0	0	0	0	0	0	0	0	0	0	0	2	0	0	1	0	0	0	0	0	0	0	0	0	0	10
5-8:LOH:10Mb-40Mb	2	1	0	0	0	0	2	0	0	0	0	0	0	0	0	0	0	0	0	0	0	0	0	0	0	0	0	0	0	0	0	0	0	0	0	0	6
5-8:LOH:>40Mb	0	1	0	0	0	0	0	1	0	0	0	0	0	0	0	0	0	0	0	0	0	0	0	0	0	0	0	0	0	0	0	0	0	0	0	0	0
9+:LOH:0-100kb	1	2	0	0	0	0	1	4	9	0	0	0	0	0	0	0	0	0	0	0	0	0	33	0	0	2	0	0	2	0	0	0	0	2	0	9	0
9+:LOH:100kb-1Mb	1	3	0	1	0	0	0	0	4	0	0	0	0	0	0	0	0	0	0	0	0	0	8	0	0	0	0	0	0	0	0	0	0	0	0	7	1
9+:LOH:1Mb-10Mb	0	0	0	0	0	0	0	0	0	0	0	0	0	0	0	0	0	0	0	0	0	0	1	0	0	0	0	0	0	0	0	0	0	0	0	1	0
9+:LOH:10Mb-40Mb	0	0	0	0	0	0	0	0	0	0	0	0	0	0	0	0	0	0	0	0	0	0	0	0	0	0	0	0	0	0	0	0	0	0	0	0	0
9+:LOH:>40Mb	0	0	0	0	0	0	0	0	0	0	0	0	0	0	0	0	0	0	0	0	0	0	0	0	0	0	0	0	0	0	0	0	0	0	0	0	0
2:het:0-100kb	8	6	9	2	1	1	1	14	1	17	13	14	19	1	4	0	1	4	7	2	3	6	6	33	50	2	0	0	66	1	24	31	2	112	3	30	5
2:het:100kb-1Mb	3	9	9	4	2	6	0	1	3	10	13	27	10	2	1	4	1	5	4	0	3	6	3	17	17	2	2	2	17	1	120	30	2	23	5	23	5
2:het:1Mb-10Mb	4	15	33	34	0	29	1	0	1	51	41	47	35	3	4	11	2	4	33	1	11	24	4	52	70	3	0	16	72	6	183	54	5	7	5	17	7
2:het:10Mb-40Mb	0	7	18	16	0	15	0	0	2	23	16	34	26	3	1	13	1	8	24	0	5	20	6	51	49	2	0	11	18	2	69	30	3	4	12	12	3
2:het:>40Mb	0	5	19	27	0	26	0	0	1	24	22	15	17	1	1	0	1	1	23	0	1	20	2	10	11	1	0	27	0	0	3	28	2	1	2	7	0
3-4:het:0-100kb	54	54	15	0	4	2	22	5	30	9	24	7	334	37	20	38	28	55	6	22	37	19	48	29	15	21	39	0	91	54	8	0	18	55	16	51	17
3-4:het:100kb-1Mb	45	36	10	0	15	4	10	8	10	14	19	5	176	37	21	41	9	36	3	19	69	8	18	36	8	27	41	0	77	39	34	0	15	50	13	49	9
3-4:het:1Mb-10Mb	47	65	21	1	39	4	26	11	46	10	12	8	30	72	41	87	41	110	8	46	80	15	58	25	5	40	83	1	139	105	57	1	30	48	26	42	25
3-4:het:10Mb-40Mb	18	27	6	0	22	1	15	8	35	1	0	9	10	37	20	56	53	44	5	28	59	3	33	4	7	26	62	3	23	32	26	0	18	28	24	26	14
3-4:het:>40Mb	13	4	0	0	28	2	11	7	15	2	0	4	2	9	15	4	19	4	2	7	5	7	12	1	2	10	15	1	0	3	0	0	20	17	11	7	1
5-8:het:0-100kb	88	37	1	0	1	2	115	17	45	1	3	0	5	6	9	29	1	49	0	3	16	0	23	1	1	9	1	0	73	136	0	0	4	83	12	9	99
5-8:het:100kb-1Mb	45	28	2	1	3	11	75	17	20	7	8	0	0	10	27	18	1	33	0	5	37	0	20	4	0	17	8	0	61	69	0	0	2	91	6	19	71
5-8:het:1Mb-10Mb	41	19	2	0	2	5	55	27	13	6	7	0	1	21	18	25	1	47	0	2	23	1	19	2	1	5	6	0	55	162	0	0	2	36	4	11	102
5-8:het:10Mb-40Mb	5	5	0	0	0	0	17	11	7	0	0	0	0	5	3	9	1	17	0	1	13	0	3	0	2	2	0	0	4	52	0	0	1	3	4	0	33
5-8:het:>40Mb	0	0	0	0	0	0	6	10	0	0	0	0	0	1	5	0	0	0	0	1	0	0	1	2	0	3	3	0	0	1	0	0	1	0	0	1	6
9+:het:0-100kb	31	7	0	0	0	0	14	19	18	0	5	0	0	3	2	10	0	3	0	0	0	0	9	0	0	4	0	0	6	33	0	0	0	222	1	63	44
9+:het:100kb-1Mb	19	5	0	0	0	4	14	9	4	0	1	0	0	0	5	5	0	0	0	0	0	0	5	0	0	7	0	0	0	17	0	0	0	100	3	37	20
9+:het:1Mb-10Mb	2	1	0	0	0	0	6	7	10	0	0	0	0	0	2	0	0	0	0	0	1	0	3	0	0	2	0	0	0	20	0	0	0	7	3	3	15
9+:het:10Mb-40Mb	0	0	0	0	0	0	0	5	1	0	0	0	0	0	0	0	0	0	0	0	0	0	0	0	0	0	0	0	0	1	0	0	0	0	1	0	0
9+:het:>40Mb	0	0	0	0	0	0	0	1	0	0	0	0	0	0	0	0	0	0	0	0	0	0	0	0	0	0	0	0	0	0	0	0	0	0	0	0	0
