MutationType	LUAD-US_SP50263	LUAD-US_SP53618	LUAD-US_SP50321	LUAD-US_SP50713	LUAD-US_SP50317	LUAD-US_SP56303	LUAD-US_SP56168	LUAD-US_SP50412	LUAD-US_SP55309	LUAD-US_SP52232	LUAD-US_SP50518	LUAD-US_SP50406	LUAD-US_SP51037	LUAD-US_SP54745	LUAD-US_SP55711	LUAD-US_SP50611	LUAD-US_SP50827	LUAD-US_SP53073	LUAD-US_SP53810	LUAD-US_SP55235	LUAD-US_SP56079	LUAD-US_SP52779	LUAD-US_SP51824	LUAD-US_SP52667	LUAD-US_SP52284	LUAD-US_SP52607	LUAD-US_SP53387	LUAD-US_SP55387	LUAD-US_SP50485	LUAD-US_SP53548	LUAD-US_SP54113	LUAD-US_SP55509	LUAD-US_SP55142	LUAD-US_SP50592	LUAD-US_SP54363	LUAD-US_SP51446
clustered_del_1-10Kb	2	5	0	0	1	0	0	0	0	0	1	0	0	0	1	0	1	0	0	0	0	0	0	0	0	0	0	0	0	0	0	0	3	0	1	0
clustered_del_10-100Kb	0	0	0	0	0	2	0	0	0	0	3	0	0	0	4	0	0	0	0	0	0	0	0	0	0	0	0	0	0	0	0	0	0	0	0	0
clustered_del_100Kb-1Mb	1	2	1	0	1	3	3	0	0	1	1	0	0	0	5	2	1	0	0	0	0	0	0	0	3	0	0	2	0	1	1	0	0	0	0	0
clustered_del_1Mb-10Mb	2	4	1	1	6	1	16	1	0	1	9	0	2	0	15	8	2	0	5	2	0	0	2	0	3	0	0	8	0	0	2	0	0	6	0	20
clustered_del_>10Mb	4	0	1	3	5	0	3	0	1	3	12	0	1	0	6	0	0	0	2	0	0	0	0	0	2	0	0	0	2	0	0	0	1	2	1	52
clustered_tds_1-10Kb	2	5	0	0	1	3	0	0	0	0	0	0	0	0	0	1	2	0	0	0	0	0	0	0	1	0	0	0	0	0	1	0	3	0	0	0
clustered_tds_10-100Kb	2	2	1	0	2	0	1	0	0	0	1	0	0	0	1	1	1	0	0	0	0	0	0	0	0	0	0	0	0	0	0	0	0	0	1	1
clustered_tds_100Kb-1Mb	6	0	0	0	0	1	7	1	0	0	4	0	0	0	8	1	0	0	0	0	0	0	2	0	0	0	0	1	0	0	0	0	0	0	0	4
clustered_tds_1Mb-10Mb	3	1	1	0	3	3	5	0	0	0	5	0	0	0	11	5	1	0	4	3	0	0	2	0	4	0	0	8	2	0	3	0	0	6	4	13
clustered_tds_>10Mb	4	2	2	1	8	0	2	1	1	2	13	0	2	0	10	0	1	0	3	0	0	0	1	0	3	0	0	0	0	0	2	0	0	3	0	55
clustered_inv_1-10Kb	5	1	0	1	1	3	1	0	1	0	2	0	1	0	2	0	0	0	0	0	0	0	0	0	1	0	0	0	0	1	2	0	3	0	1	0
clustered_inv_10-100Kb	1	1	1	1	1	0	1	0	0	0	5	0	0	0	4	1	2	0	2	0	0	0	1	0	0	0	0	0	0	0	0	0	5	0	2	2
clustered_inv_100Kb-1Mb	4	8	2	0	6	3	12	1	0	2	7	0	0	0	10	2	2	0	4	1	0	0	1	0	3	0	0	0	0	1	1	0	6	1	1	10
clustered_inv_1Mb-10Mb	4	1	7	5	4	1	26	1	1	2	14	0	5	0	30	12	6	0	7	5	0	0	3	0	2	0	0	9	8	0	3	0	1	5	4	27
clustered_inv_>10Mb	15	1	4	9	11	0	14	3	3	2	23	0	5	0	19	0	3	0	4	0	0	0	4	0	12	0	0	1	2	3	4	0	0	3	2	109
clustered_trans	39	10	0	5	17	4	18	0	0	4	0	0	0	0	145	0	3	0	0	14	0	0	4	0	1	0	0	0	0	1	2	0	5	13	4	0
non-clustered_del_1-10Kb	1	13	1	0	5	10	2	0	1	2	0	1	2	0	1	0	1	2	2	6	1	1	1	1	7	0	1	1	0	0	1	2	6	3	3	0
non-clustered_del_10-100Kb	1	0	0	0	3	4	3	0	0	1	1	0	0	1	3	1	1	0	1	1	0	0	2	2	0	1	2	1	0	0	1	0	1	3	1	0
non-clustered_del_100Kb-1Mb	7	1	0	0	0	3	1	0	0	0	1	0	0	0	4	1	0	1	2	2	0	0	1	2	1	0	4	0	0	0	0	0	0	1	0	0
non-clustered_del_1Mb-10Mb	7	7	2	1	7	5	2	1	1	2	8	1	0	0	6	1	2	1	5	7	2	0	3	4	3	0	3	0	0	1	0	1	2	2	3	1
non-clustered_del_>10Mb	8	1	3	3	5	8	3	0	1	1	6	0	0	1	7	5	2	0	2	14	0	1	2	5	1	0	1	0	0	5	3	2	6	2	2	11
non-clustered_tds_1-10Kb	5	8	1	0	0	12	4	0	0	0	0	0	2	0	1	2	2	1	2	2	0	1	1	2	4	1	1	0	1	0	2	4	8	1	1	0
non-clustered_tds_10-100Kb	1	2	0	0	2	2	2	0	0	0	2	0	0	0	2	1	0	1	1	2	0	0	0	1	0	1	1	0	0	0	1	0	4	2	1	0
non-clustered_tds_100Kb-1Mb	2	2	0	0	2	8	0	0	0	0	3	0	0	0	4	4	1	1	1	0	1	0	3	1	1	0	3	1	0	1	0	0	1	2	0	0
non-clustered_tds_1Mb-10Mb	10	4	0	2	10	5	3	0	1	0	10	0	0	0	7	2	4	1	4	9	2	0	6	2	4	0	3	0	0	0	0	0	3	2	2	3
non-clustered_tds_>10Mb	6	0	1	5	1	7	2	0	2	2	2	0	0	3	9	4	1	0	0	11	0	3	3	4	0	0	4	0	1	4	2	0	5	2	2	8
non-clustered_inv_1-10Kb	3	23	3	0	10	25	14	0	0	2	6	0	2	11	7	13	7	11	15	42	12	4	8	23	5	4	5	15	0	1	25	3	97	8	5	2
non-clustered_inv_10-100Kb	15	7	4	2	11	12	15	3	1	3	8	0	8	14	15	12	9	24	35	10	17	4	6	31	2	23	7	6	1	5	17	5	69	6	12	3
non-clustered_inv_100Kb-1Mb	4	8	1	0	23	12	14	3	0	6	11	0	4	23	7	14	9	6	45	10	10	0	6	25	7	4	77	3	0	1	3	7	30	5	7	6
non-clustered_inv_1Mb-10Mb	15	5	3	1	14	11	15	2	0	5	17	0	3	1	11	4	6	2	10	21	5	1	9	8	3	0	10	0	1	3	4	0	14	6	2	6
non-clustered_inv_>10Mb	17	2	2	1	10	16	3	2	0	5	14	0	2	2	13	9	2	0	4	20	1	0	4	12	3	0	5	0	0	4	9	0	13	4	2	11
non-clustered_trans	29	23	8	2	34	59	15	0	7	25	19	0	5	13	45	1	7	14	7	88	4	0	16	41	19	3	8	2	1	8	17	2	53	15	8	10
